test_id	gene_id	gene	locus	sample_1	sample_2	status	value_1	value_2	log2(fold_change)	test_stat	p_value	q_value	significant
FBgn0021953	FBgn0021953	Fatp	2L:10510671-10517218	C1	C2	OK	18.1323	61.8101	1.76928	5.00431	5e-05	0.00167794	yes
FBgn0000370	FBgn0000370	crc	2L:21310865-21319527	C1	C2	OK	380.882	1038.26	1.44675	10.0734	5e-05	0.00167794	yes
FBgn0025682	FBgn0025682	scf	3L:1298671-1300389	C1	C2	OK	396.95	1057.02	1.41297	9.76908	5e-05	0.00167794	yes
FBgn0266452	FBgn0266452	CTPsyn	3L:15097913-15113003	C1	C2	OK	44.1277	116.801	1.4043	7.64589	5e-05	0.00167794	yes
FBgn0022893	FBgn0022893	Df31	2L:21626308-21629932	C1	C2	OK	499.684	1281.89	1.35919	9.40675	5e-05	0.00167794	yes
FBgn0033669	FBgn0033669	PI31	2R:11939556-11970115	C1	C2	OK	121.121	310.25	1.35698	8.2107	5e-05	0.00167794	yes
FBgn0266486	FBgn0266486	CG45085	2R:9186669-9192096	C1	C2	OK	45.251	114.849	1.34371	7.16029	5e-05	0.00167794	yes
FBgn0267330	FBgn0267330	KdelR	2L:10426886-10428632	C1	C2	OK	231.04	585.914	1.34255	8.82648	5e-05	0.00167794	yes
FBgn0086904	FBgn0086904	Nacalpha	2R:12757545-12760999	C1	C2	OK	1568.15	3963.55	1.33773	9.23261	5e-05	0.00167794	yes
FBgn0023507	FBgn0023507	CG3835	X:2141488-2144937	C1	C2	OK	75.8625	190.607	1.32914	8.21292	5e-05	0.00167794	yes
FBgn0028479	FBgn0028479	Mtpalpha	2L:9568889-9576769	C1	C2	OK	116.459	290.111	1.31679	8.23538	5e-05	0.00167794	yes
FBgn0263598	FBgn0263598	Vha68-2	2L:12974321-12978607	C1	C2	OK	137.412	341.733	1.31437	8.82759	5e-05	0.00167794	yes
FBgn0265185	FBgn0265185	CG44250	2R:12948347-12952293	C1	C2	OK	191.538	474.34	1.30829	7.23704	5e-05	0.00167794	yes
FBgn0266410	FBgn0266410	CG45050	3R:9340215-9362994	C1	C2	OK	118.699	293.03	1.30374	8.33053	5e-05	0.00167794	yes
FBgn0266490	FBgn0266490	CG45089	X:7893052-7893798	C1	C2	OK	209.199	512.178	1.29177	6.69362	5e-05	0.00167794	yes
FBgn0030362	FBgn0030362	regucalcin	X:12012376-12017961	C1	C2	OK	961.381	2347.94	1.28821	9.0058	5e-05	0.00167794	yes
FBgn0039465	FBgn0039465	Tsp97E	3R:26961063-26964817	C1	C2	OK	23.6127	57.3008	1.27899	6.37726	5e-05	0.00167794	yes
FBgn0000244	FBgn0000244	by	3R:9528237-9533011	C1	C2	OK	14.6246	35.3646	1.27391	6.5294	5e-05	0.00167794	yes
FBgn0039830	FBgn0039830	CG1746	3R:31216144-31219630	C1	C2	OK	567.302	1363.57	1.2652	8.3842	5e-05	0.00167794	yes
FBgn0000412	FBgn0000412	D1	3R:9238082-9240654	C1	C2	OK	153.075	365.949	1.2574	8.18493	5e-05	0.00167794	yes
FBgn0260742	FBgn0260742	CG12213	3R:11963123-11967691	C1	C2	OK	59.7236	142.691	1.25652	6.38551	5e-05	0.00167794	yes
FBgn0027779	FBgn0027779	VhaSFD	2L:16722882-16727826	C1	C2	OK	76.8695	183.622	1.25625	7.90834	5e-05	0.00167794	yes
FBgn0036516	FBgn0036516	CG7656	3L:15585430-15588175	C1	C2	OK	72.8232	172.143	1.24114	7.23692	5e-05	0.00167794	yes
FBgn0262114	FBgn0262114	RanBPM	2R:10429707-10436581	C1	C2	OK	54.3356	128.008	1.23626	8.02311	5e-05	0.00167794	yes
FBgn0014869	FBgn0014869	Pglym78	3R:29148247-29151794	C1	C2	OK	159.623	374.618	1.23075	6.22432	5e-05	0.00167794	yes
FBgn0038111	FBgn0038111	CG12360	3R:13026282-13030659	C1	C2	OK	54.7349	128.163	1.22745	7.12719	5e-05	0.00167794	yes
FBgn0266521	FBgn0266521	stai	2L:6100376-6124653	C1	C2	OK	50.2711	117.391	1.22353	7.16365	5e-05	0.00167794	yes
FBgn0039450	FBgn0039450	CG5484	3R:26717870-26719806	C1	C2	OK	85.0202	197.999	1.21961	7.44099	5e-05	0.00167794	yes
FBgn0052521	FBgn0052521	CG32521	X:21205309-21281171	C1	C2	OK	134.458	312.543	1.2169	7.8016	5e-05	0.00167794	yes
FBgn0021979	FBgn0021979	l(2)k09913	2R:23067195-23071875	C1	C2	OK	105.07	243.564	1.21295	7.61682	5e-05	0.00167794	yes
FBgn0033913	FBgn0033913	CG8468	2R:14219897-14235449	C1	C2	OK	140.832	323.161	1.19828	7.08126	5e-05	0.00167794	yes
FBgn0039229	FBgn0039229	Saf-B	3R:24817463-24822350	C1	C2	OK	52.8598	121.112	1.19611	7.47999	5e-05	0.00167794	yes
FBgn0035964	FBgn0035964	Dhpr	3L:9134559-9137181	C1	C2	OK	58.1727	132.404	1.18654	5.62842	5e-05	0.00167794	yes
FBgn0016081	FBgn0016081	fry	3L:9631833-9679103	C1	C2	OK	41.9582	94.9917	1.17885	8.05482	5e-05	0.00167794	yes
FBgn0003074	FBgn0003074	Pgi	2R:8910899-8914069	C1	C2	OK	91.9255	207.96	1.17777	7.57106	5e-05	0.00167794	yes
FBgn0020235	FBgn0020235	ATPsyn-gamma	3R:29747703-29749163	C1	C2	OK	759.797	1718.54	1.17749	8.20221	5e-05	0.00167794	yes
FBgn0032157	FBgn0032157	Etl1	2L:9908829-9912608	C1	C2	OK	38.6266	87.1183	1.17338	7.16591	5e-05	0.00167794	yes
FBgn0033246	FBgn0033246	ACC	2R:7974114-7991862	C1	C2	OK	97.5563	217.164	1.15448	7.76617	5e-05	0.00167794	yes
FBgn0011604	FBgn0011604	Iswi	2R:12636670-12640628	C1	C2	OK	69.1249	153.865	1.15438	7.50849	5e-05	0.00167794	yes
FBgn0036058	FBgn0036058	CG6707	3L:9894806-9898575	C1	C2	OK	54.2874	120.699	1.15273	6.82296	5e-05	0.00167794	yes
FBgn0038256	FBgn0038256	CG7530	3R:14724759-14731509	C1	C2	OK	67.273	149.08	1.14798	6.76284	5e-05	0.00167794	yes
FBgn0022987	FBgn0022987	qkr54B	2R:17469623-17475129	C1	C2	OK	23.9855	53.1326	1.14743	6.20378	5e-05	0.00167794	yes
FBgn0039902	FBgn0039902	Zip102B	4:310929-314087	C1	C2	OK	28.3937	62.6099	1.14082	6.7196	5e-05	0.00167794	yes
FBgn0033244	FBgn0033244	CG8726	2R:7962462-7972003	C1	C2	OK	24.7787	54.5181	1.13763	4.84583	5e-05	0.00167794	yes
FBgn0033716	FBgn0033716	Den1	2R:12337796-12339544	C1	C2	OK	33.1275	72.7197	1.13432	5.74134	5e-05	0.00167794	yes
FBgn0010611	FBgn0010611	Hmgs	2R:16324812-16341242	C1	C2	OK	145.616	318.997	1.13137	6.24173	5e-05	0.00167794	yes
FBgn0032821	FBgn0032821	CdGAPr	2L:19774873-19791882	C1	C2	OK	29.8522	65.3855	1.13113	7.19148	5e-05	0.00167794	yes
FBgn0024238	FBgn0024238	Fim	X:17232941-17305475	C1	C2	OK	92.2801	201.893	1.1295	6.65706	5e-05	0.00167794	yes
FBgn0033906	FBgn0033906	CG8331	2R:14168785-14173596	C1	C2	OK	200.646	437.92	1.12601	6.17378	5e-05	0.00167794	yes
FBgn0052675	FBgn0052675	Tango5	X:10760047-10764413	C1	C2	OK	96.1582	207.629	1.11053	7.04992	5e-05	0.00167794	yes
FBgn0031738	FBgn0031738	CG9171	2L:5767001-5800253	C1	C2	OK	25.792	55.0411	1.09359	6.31082	5e-05	0.00167794	yes
FBgn0033226	FBgn0033226	CG1882	2R:7812503-7815486	C1	C2	OK	96.215	204.58	1.08833	6.74839	5e-05	0.00167794	yes
FBgn0001297	FBgn0001297	kay	3R:29765994-29794113	C1	C2	OK	166.634	352.241	1.07988	7.44655	5e-05	0.00167794	yes
FBgn0052626	FBgn0052626	AMPdeam	X:13830740-13845866	C1	C2	OK	101.785	214.693	1.07675	7.1153	5e-05	0.00167794	yes
FBgn0083123	FBgn0083123	Uhg5	2R:14621600-14624498	C1	C2	OK	24.5645	51.6568	1.07238	4.64894	5e-05	0.00167794	yes
FBgn0036144	FBgn0036144	GlcAT-P	3L:11176953-11197536	C1	C2	OK	54.2488	114.029	1.07174	6.84553	5e-05	0.00167794	yes
FBgn0029161	FBgn0029161	slmo	2L:6046515-6050474	C1	C2	OK	161.011	338.439	1.07173	5.74666	5e-05	0.00167794	yes
FBgn0032815	FBgn0032815	CG10462	2L:19732079-19735980	C1	C2	OK	33.5128	70.0159	1.06297	6.35752	5e-05	0.00167794	yes
FBgn0051989	FBgn0051989	Cap-D3	2L:5524138-5536758	C1	C2	OK	18.905	39.3956	1.05927	3.45973	5e-05	0.00167794	yes
FBgn0030400	FBgn0030400	CG11138	X:12569168-12583193	C1	C2	OK	26.5617	55.3239	1.05856	6.27408	5e-05	0.00167794	yes
FBgn0023388	FBgn0023388	Dap160	2L:21134438-21142347	C1	C2	OK	38.2326	79.5731	1.05748	6.54272	5e-05	0.00167794	yes
FBgn0038108	FBgn0038108	CG7518	3R:12998088-13011310	C1	C2	OK	73.4429	152.834	1.05727	7.08491	5e-05	0.00167794	yes
FBgn0034266	FBgn0034266	CG4975	2R:17726913-17732987	C1	C2	OK	29.8767	62.0506	1.05443	4.91221	5e-05	0.00167794	yes
FBgn0025777	FBgn0025777	homer	2L:6719393-6723359	C1	C2	OK	29.1539	60.5059	1.05339	5.66161	5e-05	0.00167794	yes
FBgn0005694	FBgn0005694	Aef1	3L:21433421-21441363	C1	C2	OK	24.2352	50.2459	1.0519	5.31903	5e-05	0.00167794	yes
FBgn0263199	FBgn0263199	Galk	3L:8981794-8986091	C1	C2	OK	45.8253	94.9895	1.05162	5.96518	5e-05	0.00167794	yes
FBgn0010408	FBgn0010408	RpS9	3L:9509792-9511531	C1	C2	OK	5705.59	11775.3	1.04531	7.53882	5e-05	0.00167794	yes
FBgn0022764	FBgn0022764	Sin3A	2R:12572067-12592917	C1	C2	OK	63.1383	130.151	1.0436	6.48168	5e-05	0.00167794	yes
FBgn0086532	FBgn0086532	Spt-I	2R:13168497-13170745	C1	C2	OK	105.379	215.803	1.03412	6.49414	5e-05	0.00167794	yes
FBgn0259247	FBgn0259247	laccase2	2R:5413743-5456095	C1	C2	OK	22.8406	46.6756	1.03106	5.84916	5e-05	0.00167794	yes
FBgn0040068	FBgn0040068	Vav	X:19261819-19273280	C1	C2	OK	33.6032	68.5615	1.0288	5.29623	5e-05	0.00167794	yes
FBgn0000454	FBgn0000454	Dip-B	3R:13782287-13785676	C1	C2	OK	165.989	338.201	1.02679	6.73396	5e-05	0.00167794	yes
FBgn0011481	FBgn0011481	Ssdp	3R:18192493-18199595	C1	C2	OK	22.4536	45.6656	1.02416	5.75172	5e-05	0.00167794	yes
FBgn0044324	FBgn0044324	Chro	3L:22868379-22878984	C1	C2	OK	42.352	85.9795	1.02156	4.17459	5e-05	0.00167794	yes
FBgn0002413	FBgn0002413	dco	3R:31054084-31061210	C1	C2	OK	74.0676	150.155	1.01954	6.59237	5e-05	0.00167794	yes
FBgn0026376	FBgn0026376	Rgl	3L:13906896-13925335	C1	C2	OK	26.8684	54.4594	1.01927	6.13821	5e-05	0.00167794	yes
FBgn0035793	FBgn0035793	CG7546	3L:7510941-7517316	C1	C2	OK	60.5537	122.424	1.0156	6.7391	5e-05	0.00167794	yes
FBgn0030648	FBgn0030648	CG6340	X:15482373-15486612	C1	C2	OK	34.0589	68.5786	1.00973	5.3531	5e-05	0.00167794	yes
FBgn0034504	FBgn0034504	CG8929	2R:20327269-20330721	C1	C2	OK	55.1577	111	1.00893	6.09876	5e-05	0.00167794	yes
FBgn0264785	FBgn0264785	Hph	3R:5257036-5269507	C1	C2	OK	59.2757	119.226	1.00819	6.183	5e-05	0.00167794	yes
FBgn0016031	FBgn0016031	lama	3L:5343618-5355923	C1	C2	OK	42.4089	85.2568	1.00745	6.14983	5e-05	0.00167794	yes
FBgn0261268	FBgn0261268	Cul3	2L:15265244-15272024	C1	C2	OK	55.2152	110.762	1.00433	6.28399	5e-05	0.00167794	yes
FBgn0027835	FBgn0027835	Dp1	2R:18409047-18421124	C1	C2	OK	160.898	321.621	0.999213	6.66842	5e-05	0.00167794	yes
FBgn0020381	FBgn0020381	Dredd	X:629772-635545	C1	C2	OK	17.0167	33.988	0.998072	3.60012	5e-05	0.00167794	yes
FBgn0259111	FBgn0259111	Ndae1	2L:7223327-7249343	C1	C2	OK	40.4041	80.4915	0.994336	6.21319	5e-05	0.00167794	yes
FBgn0030734	FBgn0030734	CG9911	X:16293852-16303308	C1	C2	OK	143.381	285.376	0.993015	4.66864	5e-05	0.00167794	yes
FBgn0031245	FBgn0031245	CG3625	2L:283384-291795	C1	C2	OK	29.7054	59.1103	0.992687	4.80631	5e-05	0.00167794	yes
FBgn0002887	FBgn0002887	mus201	2L:8438168-8442342	C1	C2	OK	17.6564	35.0776	0.990361	5.58337	5e-05	0.00167794	yes
FBgn0024277	FBgn0024277	trio	3L:995981-1036298	C1	C2	OK	135.317	268.565	0.988929	5.80881	5e-05	0.00167794	yes
FBgn0003638	FBgn0003638	su(w[a])	X:1012778-1046040	C1	C2	OK	31.2317	61.8926	0.986757	5.06337	5e-05	0.00167794	yes
FBgn0036816	FBgn0036816	Indy	3L:18828631-18846267	C1	C2	OK	112.356	221.606	0.979912	6.35593	5e-05	0.00167794	yes
FBgn0030873	FBgn0030873	CG15814	X:17844948-17850342	C1	C2	OK	105.45	207.854	0.979008	5.58885	5e-05	0.00167794	yes
FBgn0261261	FBgn0261261	plx	3R:5685854-5712837	C1	C2	OK	25.2032	49.6442	0.978016	6.02541	5e-05	0.00167794	yes
FBgn0014189	FBgn0014189	Hel25E	2L:5539325-5542314	C1	C2	OK	234.919	461.208	0.973255	6.50258	5e-05	0.00167794	yes
FBgn0011274	FBgn0011274	Dif	2L:17410640-17433161	C1	C2	OK	33.6675	65.9522	0.970065	4.65815	5e-05	0.00167794	yes
FBgn0035107	FBgn0035107	mri	3L:200173-205844	C1	C2	OK	65.2644	127.458	0.965658	4.3609	5e-05	0.00167794	yes
FBgn0002872	FBgn0002872	mu2	3L:1941067-1947475	C1	C2	OK	16.758	32.6552	0.962462	4.17137	5e-05	0.00167794	yes
FBgn0024921	FBgn0024921	Trn	3L:6193479-6200385	C1	C2	OK	22.2499	42.9614	0.949247	5.66525	5e-05	0.00167794	yes
FBgn0020304	FBgn0020304	drongo	2L:833583-851163	C1	C2	OK	100.078	192.621	0.944644	6.20135	5e-05	0.00167794	yes
FBgn0025628	FBgn0025628	CG4199	X:2066434-2075900	C1	C2	OK	304.927	586.753	0.944291	6.148	5e-05	0.00167794	yes
FBgn0004049	FBgn0004049	yrt	3R:13428866-13434984	C1	C2	OK	22.909	44.0789	0.944171	5.58187	5e-05	0.00167794	yes
FBgn0261439	FBgn0261439	SdhA	2R:19390127-19395971	C1	C2	OK	98.8399	190.171	0.944131	6.06336	5e-05	0.00167794	yes
FBgn0025286	FBgn0025286	RpL31	2R:9587192-9605624	C1	C2	OK	5030.76	9668.99	0.94259	6.42223	5e-05	0.00167794	yes
FBgn0039261	FBgn0039261	CG6422	3R:25033875-25039249	C1	C2	OK	26.8733	51.6478	0.942534	5.31747	5e-05	0.00167794	yes
FBgn0004924	FBgn0004924	Top1	X:15319478-15328029	C1	C2	OK	63.7145	122.325	0.941022	5.01516	5e-05	0.00167794	yes
FBgn0026576	FBgn0026576	CG5991	3R:24050782-24053592	C1	C2	OK	49.4748	94.8282	0.938623	5.39308	5e-05	0.00167794	yes
FBgn0086683	FBgn0086683	Spf45	2L:23066873-23068386	C1	C2	OK	73.5803	140.798	0.93624	5.4526	5e-05	0.00167794	yes
FBgn0033784	FBgn0033784	CG13322	2R:12934233-12936535	C1	C2	OK	21.5761	41.2131	0.933667	4.81471	5e-05	0.00167794	yes
FBgn0029155	FBgn0029155	Men-b	3R:27151661-27157603	C1	C2	OK	88.513	168.696	0.930466	5.81016	5e-05	0.00167794	yes
FBgn0264492	FBgn0264492	CkIIalpha	3L:23097071-23103460	C1	C2	OK	52.5498	100.038	0.928788	5.34074	5e-05	0.00167794	yes
FBgn0027561	FBgn0027561	CG18659	2R:9122124-9132030	C1	C2	OK	62.4367	118.772	0.927725	5.65218	5e-05	0.00167794	yes
FBgn0028968	FBgn0028968	gammaCOP	3R:31572142-31575707	C1	C2	OK	119.462	227.134	0.926984	6.16878	5e-05	0.00167794	yes
FBgn0029687	FBgn0029687	Vap-33A	X:3948974-3955442	C1	C2	OK	64.5839	122.25	0.92059	5.78231	5e-05	0.00167794	yes
FBgn0052549	FBgn0052549	CG32549	X:18390497-18410144	C1	C2	OK	120.568	228.066	0.919601	6.02009	5e-05	0.00167794	yes
FBgn0037057	FBgn0037057	CG10512	3L:21194616-21208092	C1	C2	OK	41.7176	78.6878	0.915484	3.57511	5e-05	0.00167794	yes
FBgn0039234	FBgn0039234	nct	3R:24851600-24856243	C1	C2	OK	52.4128	98.6492	0.912387	5.40836	5e-05	0.00167794	yes
FBgn0029870	FBgn0029870	Marf	X:6365948-6371026	C1	C2	OK	61.8856	116.421	0.911673	5.87762	5e-05	0.00167794	yes
FBgn0011672	FBgn0011672	Mvl	3R:21051382-21060800	C1	C2	OK	47.1813	88.6716	0.910257	5.42068	5e-05	0.00167794	yes
FBgn0004167	FBgn0004167	kst	3L:3336859-3368133	C1	C2	OK	201.983	379.408	0.909511	6.50874	5e-05	0.00167794	yes
FBgn0025683	FBgn0025683	CG3164	2L:114725-157666	C1	C2	OK	143.922	269.817	0.906691	4.3084	5e-05	0.00167794	yes
FBgn0016034	FBgn0016034	mael	3L:22721202-22727789	C1	C2	OK	34.7801	65.1083	0.904581	4.49861	5e-05	0.00167794	yes
FBgn0030478	FBgn0030478	CG1640	X:13370605-13380160	C1	C2	OK	125.385	233.384	0.896343	5.89823	5e-05	0.00167794	yes
FBgn0015765	FBgn0015765	p38a	3R:24150415-24152321	C1	C2	OK	29.7301	55.2048	0.89287	4.57278	5e-05	0.00167794	yes
FBgn0085423	FBgn0085423	CG34394	2L:3358639-3373372	C1	C2	OK	18.5946	34.4811	0.890919	5.29177	5e-05	0.00167794	yes
FBgn0035400	FBgn0035400	CG11537	3L:3128033-3143457	C1	C2	OK	80.8685	149.157	0.883186	5.5793	5e-05	0.00167794	yes
FBgn0035772	FBgn0035772	Sh3beta	3L:7364583-7369260	C1	C2	OK	233.904	431.402	0.883116	5.82627	5e-05	0.00167794	yes
FBgn0031575	FBgn0031575	Cep97	2L:3867696-3872458	C1	C2	OK	25.2485	46.3517	0.876422	4.09908	5e-05	0.00167794	yes
FBgn0050122	FBgn0050122	CG30122	2R:18632327-18639270	C1	C2	OK	129.013	236.339	0.87334	5.95604	5e-05	0.00167794	yes
FBgn0035046	FBgn0035046	NDUFA8	2R:24664397-24666022	C1	C2	OK	133.359	244.249	0.873037	4.87341	5e-05	0.00167794	yes
FBgn0015024	FBgn0015024	CkIalpha	X:12653625-12657834	C1	C2	OK	71.2671	130.309	0.870633	5.38409	5e-05	0.00167794	yes
FBgn0035111	FBgn0035111	CG16940	3L:212708-216479	C1	C2	OK	26.3612	48.1736	0.869825	5.13306	5e-05	0.00167794	yes
FBgn0032721	FBgn0032721	CG10602	2L:18855125-18859248	C1	C2	OK	63.3174	115.663	0.869257	5.09644	5e-05	0.00167794	yes
FBgn0265434	FBgn0265434	zip	2R:24990569-25011965	C1	C2	OK	251.953	459.92	0.868228	6.24081	5e-05	0.00167794	yes
FBgn0261674	FBgn0261674	CG42709	3L:12784428-12805116	C1	C2	OK	32.4533	59.156	0.866159	3.52943	5e-05	0.00167794	yes
FBgn0025864	FBgn0025864	Crag	X:8592030-8602036	C1	C2	OK	63.129	114.9	0.86401	5.77682	5e-05	0.00167794	yes
FBgn0035975	FBgn0035975	PGRP-LA	3L:9334331-9338336	C1	C2	OK	22.3926	40.7405	0.863439	4.13531	5e-05	0.00167794	yes
FBgn0029763	FBgn0029763	CG4165	X:5421532-5427219	C1	C2	OK	39.8513	72.0919	0.855211	5.31831	5e-05	0.00167794	yes
FBgn0263396	FBgn0263396	sqd	3R:13634861-13646304	C1	C2	OK	151.281	273.162	0.852529	5.24936	5e-05	0.00167794	yes
FBgn0016038	FBgn0016038	mod(r)	X:621529-623051	C1	C2	OK	41.5931	75.0422	0.851358	4.45845	5e-05	0.00167794	yes
FBgn0011290	FBgn0011290	Taf12	3R:11678385-11679690	C1	C2	OK	64.8618	116.94	0.850332	4.3856	5e-05	0.00167794	yes
FBgn0001105	FBgn0001105	Gbeta13F	X:15860114-15866175	C1	C2	OK	102.689	185.101	0.850034	5.30723	5e-05	0.00167794	yes
FBgn0267698	FBgn0267698	Pak	3R:6350895-6361614	C1	C2	OK	46.8112	84.2169	0.847255	5.2733	5e-05	0.00167794	yes
FBgn0033639	FBgn0033639	CG9003	2R:11641476-11651616	C1	C2	OK	24.5784	44.2084	0.846929	4.74477	5e-05	0.00167794	yes
FBgn0085446	FBgn0085446	CG34417	X:6540770-6589173	C1	C2	OK	38.9789	70.0326	0.845336	4.20786	5e-05	0.00167794	yes
FBgn0086372	FBgn0086372	lap	3R:7186993-7200941	C1	C2	OK	15.8934	28.5372	0.844416	4.51679	5e-05	0.00167794	yes
FBgn0000212	FBgn0000212	brm	3L:15970081-15982869	C1	C2	OK	55.847	100.264	0.844249	5.44116	5e-05	0.00167794	yes
FBgn0004893	FBgn0004893	bowl	2L:3771699-3784121	C1	C2	OK	20.7408	37.2262	0.843845	4.76517	5e-05	0.00167794	yes
FBgn0020309	FBgn0020309	crol	2L:11794326-11809438	C1	C2	OK	87.5836	157.187	0.84375	5.82249	5e-05	0.00167794	yes
FBgn0013305	FBgn0013305	Nmda1	2R:12875163-12883253	C1	C2	OK	220.349	394.255	0.839337	4.30718	5e-05	0.00167794	yes
FBgn0030323	FBgn0030323	CG2371	X:11677343-11678589	C1	C2	OK	31.929	56.971	0.835359	4.06695	5e-05	0.00167794	yes
FBgn0267378	FBgn0267378	sau	2L:2226341-2231099	C1	C2	OK	86.9772	155.053	0.83405	5.08272	5e-05	0.00167794	yes
FBgn0035989	FBgn0035989	CG3967	3L:9411037-9426758	C1	C2	OK	27.1142	48.3081	0.833219	3.00964	5e-05	0.00167794	yes
FBgn0262739	FBgn0262739	AGO1	2R:13943386-13958089	C1	C2	OK	44.4656	78.9926	0.829027	4.32469	5e-05	0.00167794	yes
FBgn0037702	FBgn0037702	CG8176	3R:9516006-9527237	C1	C2	OK	80.2208	142.249	0.826374	5.32446	5e-05	0.00167794	yes
FBgn0051072	FBgn0051072	Lerp	3R:26842461-26863130	C1	C2	OK	28.4714	50.481	0.826227	4.85993	5e-05	0.00167794	yes
FBgn0035558	FBgn0035558	CG11357	3L:4542050-4553457	C1	C2	OK	132.839	235.509	0.8261	5.50831	5e-05	0.00167794	yes
FBgn0028325	FBgn0028325	l(1)G0334	X:4702283-4705265	C1	C2	OK	165.507	292.838	0.823207	5.32901	5e-05	0.00167794	yes
FBgn0260722	FBgn0260722	CR42549	3R:9535624-9551806	C1	C2	OK	24.0414	42.4664	0.820799	3.37401	5e-05	0.00167794	yes
FBgn0085442	FBgn0085442	NKAIN	2R:24876690-24888615	C1	C2	OK	110.549	195.119	0.819662	5.06259	5e-05	0.00167794	yes
FBgn0026160	FBgn0026160	tna	3L:10857888-10879037	C1	C2	OK	28.7224	50.6797	0.819232	4.42761	5e-05	0.00167794	yes
FBgn0034091	FBgn0034091	mrj	2R:16203328-16223187	C1	C2	OK	48.8688	86.0698	0.816592	4.83611	5e-05	0.00167794	yes
FBgn0000228	FBgn0000228	Bsg25D	2L:5271727-5278548	C1	C2	OK	35.1963	61.8448	0.813227	4.61004	5e-05	0.00167794	yes
FBgn0033196	FBgn0033196	CG1358	2R:7595264-7620711	C1	C2	OK	53.7277	94.2357	0.810608	4.97899	5e-05	0.00167794	yes
FBgn0031213	FBgn0031213	galectin	2L:66317-76211	C1	C2	OK	47.4336	83.156	0.809911	4.01169	5e-05	0.00167794	yes
FBgn0053526	FBgn0053526	PNUTS	2L:870464-877038	C1	C2	OK	66.7178	116.267	0.801295	4.92426	5e-05	0.00167794	yes
FBgn0038735	FBgn0038735	CG4662	3R:19847310-19861291	C1	C2	OK	30.6078	53.2502	0.798888	2.69554	5e-05	0.00167794	yes
FBgn0028646	FBgn0028646	aralar1	3R:30445634-30455867	C1	C2	OK	43.4538	75.5391	0.797741	4.67811	5e-05	0.00167794	yes
FBgn0003502	FBgn0003502	Btk29A	2L:8258372-8301079	C1	C2	OK	41.1991	71.5803	0.796949	4.92137	5e-05	0.00167794	yes
FBgn0037007	FBgn0037007	CG5059	3L:20514597-20519393	C1	C2	OK	45.6044	79.1039	0.794576	4.43571	5e-05	0.00167794	yes
FBgn0036369	FBgn0036369	CG10089	3L:13465551-13474787	C1	C2	OK	30.033	52.0575	0.793557	3.70698	5e-05	0.00167794	yes
FBgn0040322	FBgn0040322	GNBP2	3L:18673473-18675413	C1	C2	OK	64.1368	110.916	0.79024	4.47685	5e-05	0.00167794	yes
FBgn0030151	FBgn0030151	CG1354	X:9778741-9782094	C1	C2	OK	137.391	237.313	0.788507	4.98134	5e-05	0.00167794	yes
FBgn0038145	FBgn0038145	Droj2	3R:13382105-13385283	C1	C2	OK	269.656	464.83	0.785582	5.33401	5e-05	0.00167794	yes
FBgn0039635	FBgn0039635	CG11876	3R:29113070-29116197	C1	C2	OK	215.361	371.156	0.785268	4.91983	5e-05	0.00167794	yes
FBgn0027279	FBgn0027279	l(1)G0196	X:22473697-22508129	C1	C2	OK	67.0352	115.129	0.780258	4.16745	5e-05	0.00167794	yes
FBgn0027786	FBgn0027786	Mtch	3L:184625-186310	C1	C2	OK	95.9912	164.68	0.77869	4.69809	5e-05	0.00167794	yes
FBgn0003969	FBgn0003969	vap	X:15999950-16005812	C1	C2	OK	56.319	96.5738	0.778011	4.93853	5e-05	0.00167794	yes
FBgn0260458	FBgn0260458	PGRP-LD	3L:5780050-5786718	C1	C2	OK	39.5339	67.5958	0.773843	4.44562	5e-05	0.00167794	yes
FBgn0053111	FBgn0053111	CG33111	3R:23801713-23860013	C1	C2	OK	30.5584	52.1571	0.771293	3.39447	5e-05	0.00167794	yes
FBgn0005649	FBgn0005649	Rox8	3R:24043055-24049168	C1	C2	OK	59.353	101.007	0.767056	4.7153	5e-05	0.00167794	yes
FBgn0023023	FBgn0023023	CRMP	3R:5571107-5579189	C1	C2	OK	23.8443	40.5146	0.7648	4.1342	5e-05	0.00167794	yes
FBgn0035229	FBgn0035229	CG7852	3L:1537136-1544823	C1	C2	OK	33.3647	56.5951	0.762355	4.77929	5e-05	0.00167794	yes
FBgn0260959	FBgn0260959	MCPH1	2R:11895996-11903918	C1	C2	OK	48.872	82.8017	0.760652	4.3393	5e-05	0.00167794	yes
FBgn0039622	FBgn0039622	eIF4E-6	3R:29026438-29027174	C1	C2	OK	40.0704	67.825	0.75928	3.36647	5e-05	0.00167794	yes
FBgn0036974	FBgn0036974	eRF1	3L:20348354-20356632	C1	C2	OK	176.865	298.909	0.757059	4.89742	5e-05	0.00167794	yes
FBgn0003475	FBgn0003475	spir	2L:20311218-20348386	C1	C2	OK	60.938	102.961	0.756686	4.54485	5e-05	0.00167794	yes
FBgn0030724	FBgn0030724	Nipsnap	X:16070364-16073568	C1	C2	OK	30.5551	51.5331	0.754086	3.75362	5e-05	0.00167794	yes
FBgn0046247	FBgn0046247	CG5938	3R:27274793-27282661	C1	C2	OK	56.9492	96.0344	0.753876	3.22463	5e-05	0.00167794	yes
FBgn0015622	FBgn0015622	Cnx99A	3R:29315253-29319644	C1	C2	OK	209.853	353.638	0.752893	5.03077	5e-05	0.00167794	yes
FBgn0000615	FBgn0000615	exu	2R:20667426-20673495	C1	C2	OK	31.3625	52.6485	0.74735	3.44024	5e-05	0.00167794	yes
FBgn0041203	FBgn0041203	LIMK1	X:12584384-12592193	C1	C2	OK	48.3273	80.8497	0.742404	4.76812	5e-05	0.00167794	yes
FBgn0262714	FBgn0262714	Sap130	3L:12805901-12814019	C1	C2	OK	45.2723	75.691	0.741492	4.42416	5e-05	0.00167794	yes
FBgn0034618	FBgn0034618	CG9485	2R:21312398-21320017	C1	C2	OK	69.7759	116.523	0.739814	4.88454	5e-05	0.00167794	yes
FBgn0032120	FBgn0032120	CG33298	2L:9495473-9520696	C1	C2	OK	29.1118	48.6037	0.739462	4.66183	5e-05	0.00167794	yes
FBgn0265523	FBgn0265523	Smr	X:12684202-12742926	C1	C2	OK	96.618	160.021	0.727898	5.14047	5e-05	0.00167794	yes
FBgn0000064	FBgn0000064	Ald	3R:26254068-26261591	C1	C2	OK	264.61	437.436	0.725206	4.57795	5e-05	0.00167794	yes
FBgn0037012	FBgn0037012	Rcd2	3L:20527971-20540417	C1	C2	OK	3.41975	5.61243	0.714732	2.37509	5e-05	0.00167794	yes
FBgn0002921	FBgn0002921	Atpalpha	3R:20948713-20976239	C1	C2	OK	284.119	466.184	0.714408	4.97718	5e-05	0.00167794	yes
FBgn0266458	FBgn0266458	CG45083	2L:10510671-10517218	C1	C2	OK	39.5693	64.8005	0.711624	3.15135	5e-05	0.00167794	yes
FBgn0011725	FBgn0011725	twin	3R:24196892-24226934	C1	C2	OK	47.6796	77.9298	0.708805	3.45676	5e-05	0.00167794	yes
FBgn0261862	FBgn0261862	whd	2R:10468615-10478795	C1	C2	OK	58.2702	94.8551	0.702967	4.29281	5e-05	0.00167794	yes
FBgn0262081	FBgn0262081	Csk	3R:11633277-11650706	C1	C2	OK	109.245	177.376	0.699244	4.70705	5e-05	0.00167794	yes
FBgn0261625	FBgn0261625	CG42708	2R:12670482-12679593	C1	C2	OK	123.239	199.996	0.698511	4.61287	5e-05	0.00167794	yes
FBgn0013984	FBgn0013984	InR	3R:21570247-21619321	C1	C2	OK	20.4859	33.2423	0.698386	4.52151	5e-05	0.00167794	yes
FBgn0036896	FBgn0036896	wnd	3L:19624405-19635783	C1	C2	OK	25.0707	40.6108	0.695865	4.08798	5e-05	0.00167794	yes
FBgn0041630	FBgn0041630	Hexo1	3L:4288640-4292246	C1	C2	OK	78.4977	126.488	0.688276	3.39198	5e-05	0.00167794	yes
FBgn0028582	FBgn0028582	lqf	3L:7528779-7540012	C1	C2	OK	57.5552	92.6953	0.687549	4.46371	5e-05	0.00167794	yes
FBgn0004907	FBgn0004907	14-3-3zeta	2R:10099676-10109687	C1	C2	OK	372.114	594.001	0.674722	3.87446	5e-05	0.00167794	yes
FBgn0013263	FBgn0013263	Trl	3L:14747928-14761844	C1	C2	OK	119.143	188.537	0.662153	4.09537	5e-05	0.00167794	yes
FBgn0053156	FBgn0053156	CG33156	2R:13548243-13553240	C1	C2	OK	26.3114	41.5254	0.658303	3.41752	5e-05	0.00167794	yes
FBgn0003748	FBgn0003748	Treh	2R:21074017-21091004	C1	C2	OK	46.1262	72.7538	0.657438	3.58149	5e-05	0.00167794	yes
FBgn0010548	FBgn0010548	Aldh-III	2R:7466878-7477162	C1	C2	OK	154.258	242.51	0.652699	4.22547	5e-05	0.00167794	yes
FBgn0267336	FBgn0267336	Glut4EF	3R:9874680-9995364	C1	C2	OK	38.1165	59.8564	0.651092	3.54605	5e-05	0.00167794	yes
FBgn0024983	FBgn0024983	CG4293	X:509234-530291	C1	C2	OK	33.8193	52.969	0.647302	2.79002	5e-05	0.00167794	yes
FBgn0030328	FBgn0030328	Amun	X:11710119-11715565	C1	C2	OK	62.4845	97.2417	0.638076	3.98897	5e-05	0.00167794	yes
FBgn0026428	FBgn0026428	HDAC6	X:15333309-15340360	C1	C2	OK	33.6911	52.2115	0.632001	3.77357	5e-05	0.00167794	yes
FBgn0261548	FBgn0261548	CG42666	X:1773718-1853667	C1	C2	OK	59.5046	92.0448	0.629337	3.48737	5e-05	0.00167794	yes
FBgn0261113	FBgn0261113	Xrp1	3R:18914967-18926989	C1	C2	OK	278.578	430.055	0.62644	4.07604	5e-05	0.00167794	yes
FBgn0259174	FBgn0259174	Nedd4	3L:17529867-17546660	C1	C2	OK	78.1226	119.74	0.616098	4.03874	5e-05	0.00167794	yes
FBgn0013765	FBgn0013765	cnn	2R:13439313-13450475	C1	C2	OK	77.0504	118.007	0.614993	3.74761	5e-05	0.00167794	yes
FBgn0033739	FBgn0033739	Dyb	2R:12437344-12452916	C1	C2	OK	29.3633	44.8739	0.611864	3.4701	5e-05	0.00167794	yes
FBgn0002121	FBgn0002121	l(2)gl	2L:9838-21376	C1	C2	OK	50.9395	77.722	0.609539	4.01238	5e-05	0.00167794	yes
FBgn0023479	FBgn0023479	Tequila	3L:9074642-9092131	C1	C2	OK	51.87	78.264	0.593447	3.61938	5e-05	0.00167794	yes
FBgn0041111	FBgn0041111	lilli	2L:2885928-2954406	C1	C2	OK	43.1979	64.8895	0.587024	3.69908	5e-05	0.00167794	yes
FBgn0004368	FBgn0004368	Ptp4E	X:4939127-4955916	C1	C2	OK	48.6153	72.7623	0.581781	3.80834	5e-05	0.00167794	yes
FBgn0265297	FBgn0265297	pAbp	2R:18140077-18147191	C1	C2	OK	513.821	768.859	0.581453	4.00781	5e-05	0.00167794	yes
FBgn0029903	FBgn0029903	pod1	X:6803683-6813830	C1	C2	OK	53.6431	80.1986	0.580185	3.86592	5e-05	0.00167794	yes
FBgn0015903	FBgn0015903	apt	2R:23564890-23600787	C1	C2	OK	30.3562	45.2343	0.575424	3.29296	5e-05	0.00167794	yes
FBgn0000541	FBgn0000541	E(bx)	3L:233925-246912	C1	C2	OK	39.6843	59.071	0.573884	3.81779	5e-05	0.00167794	yes
FBgn0010352	FBgn0010352	Nc73EF	3L:16939099-16968724	C1	C2	OK	131.084	194.59	0.569942	3.82857	5e-05	0.00167794	yes
FBgn0011747	FBgn0011747	Ank	4:115073-129849	C1	C2	OK	75.8055	111.932	0.562248	3.79612	5e-05	0.00167794	yes
FBgn0264078	FBgn0264078	Flo2	X:14839375-14953697	C1	C2	OK	51.3728	75.0535	0.546914	2.89363	5e-05	0.00167794	yes
FBgn0015218	FBgn0015218	eIF-4E	3L:9399617-9402460	C1	C2	OK	216.799	316.462	0.54567	3.49579	5e-05	0.00167794	yes
FBgn0261822	FBgn0261822	Bsg	2L:8083419-8116531	C1	C2	OK	160.853	234.497	0.543828	3.66948	5e-05	0.00167794	yes
FBgn0260941	FBgn0260941	app	3L:12206237-12266841	C1	C2	OK	37.7407	54.8942	0.540532	3.00225	5e-05	0.00167794	yes
FBgn0000578	FBgn0000578	ena	2R:19141631-19163705	C1	C2	OK	84.0548	122.076	0.538381	3.49053	5e-05	0.00167794	yes
FBgn0262738	FBgn0262738	norpA	X:4322625-4365408	C1	C2	OK	20.4246	29.3224	0.521695	3.22476	5e-05	0.00167794	yes
FBgn0011764	FBgn0011764	Dsp1	X:16333611-16340624	C1	C2	OK	69.2918	99.2937	0.519017	3.20261	5e-05	0.00167794	yes
FBgn0042693	FBgn0042693	PP2A-B'	3R:18167756-18183479	C1	C2	OK	93.1274	132.481	0.508502	2.64944	5e-05	0.00167794	yes
FBgn0266377	FBgn0266377	Pde8	2R:23657566-23680844	C1	C2	OK	194.051	275.836	0.507375	3.36613	5e-05	0.00167794	yes
FBgn0263120	FBgn0263120	Acsl	2R:8665812-8683022	C1	C2	OK	132.883	186.483	0.488883	3.28833	5e-05	0.00167794	yes
FBgn0020386	FBgn0020386	Pdk1	3L:129449-145895	C1	C2	OK	107.83	148.659	0.463246	2.90806	5e-05	0.00167794	yes
FBgn0030412	FBgn0030412	Tomosyn	X:12631604-12653442	C1	C2	OK	38.2485	52.3718	0.453386	2.85139	5e-05	0.00167794	yes
FBgn0037094	FBgn0037094	CG7611	3L:21523185-21528163	C1	C2	OK	95.1393	130.237	0.453021	2.92816	5e-05	0.00167794	yes
FBgn0260745	FBgn0260745	mfas	3R:11984861-11993315	C1	C2	OK	345.595	469.875	0.443196	3.09264	5e-05	0.00167794	yes
FBgn0003392	FBgn0003392	shi	X:15892115-15906716	C1	C2	OK	135.846	181.056	0.414458	2.73391	5e-05	0.00167794	yes
FBgn0032456	FBgn0032456	MRP	2L:12713275-12744807	C1	C2	OK	332.642	424.591	0.352105	2.47287	5e-05	0.00167794	yes
FBgn0000078	FBgn0000078	Amy-d	2R:17124763-17126369	C1	C2	OK	3.381	1.99187	-0.763323	-2.18413	0.00015	0.00499337	yes
FBgn0026147	FBgn0026147	CG16833	2L:10989400-11001476	C1	C2	OK	33.6437	49.0009	0.542471	2.35457	0.00015	0.00499337	yes
FBgn0027570	FBgn0027570	Nep2	3R:4719457-4731878	C1	C2	OK	1.24723	0.626307	-0.993781	-2.11316	0.00025	0.00822321	yes
FBgn0031968	FBgn0031968	CG7231	2L:7891186-7986785	C1	C2	OK	20.0712	36.506	0.863006	2.03578	0.00025	0.00822321	yes
FBgn0082582	FBgn0082582	tmod	3R:30532606-30578905	C1	C2	OK	89.2534	112.696	0.336461	2.14442	0.00025	0.00822321	yes
FBgn0031099	FBgn0031099	CG17065	X:20254691-20257199	C1	C2	OK	7.87482	5.23482	-0.589106	-2.04681	3e-04	0.00979016	yes
FBgn0033539	FBgn0033539	Git	2R:10641817-10645427	C1	C2	OK	22.4675	16.9151	-0.409525	-2.03894	3e-04	0.00979016	yes
FBgn0033170	FBgn0033170	sPLA2	2R:7440705-7445792	C1	C2	OK	39.2733	72.2843	0.880133	2.10027	0.00045	0.0146276	yes
FBgn0037531	FBgn0037531	CG10445	3R:7916598-7920299	C1	C2	OK	6.63379	9.07214	0.45161	1.98134	5e-04	0.0161895	yes
FBgn0030884	FBgn0030884	CG6847	X:17911461-17924163	C1	C2	OK	1.24142	0.759843	-0.708221	-2.04814	6e-04	0.0192023	yes
FBgn0003053	FBgn0003053	peb	X:4617563-4627206	C1	C2	OK	3.9732	5.39378	0.440996	1.97602	6e-04	0.0192023	yes
FBgn0032901	FBgn0032901	sky	2L:20869853-20918931	C1	C2	OK	59.4813	73.9552	0.314215	1.95671	6e-04	0.0192023	yes
FBgn0039129	FBgn0039129	RpS19b	3R:23932728-23933530	C1	C2	OK	7.44135	4.12575	-0.850907	-2.09067	0.00065	0.0207225	yes
FBgn0050443	FBgn0050443	Opbp	2R:6653216-6655267	C1	C2	OK	10.7517	14.9397	0.474581	1.99096	0.00075	0.023819	yes
FBgn0003187	FBgn0003187	qua	2L:17486805-17497697	C1	C2	OK	1.60938	1.01993	-0.658032	-1.87397	0.00085	0.0268918	yes
FBgn0040281	FBgn0040281	Aplip1	3L:1196316-1199339	C1	C2	OK	2.13219	1.3413	-0.668702	-1.94209	0.00095	0.0299413	yes
FBgn0035295	FBgn0035295	Cnb	3L:1947564-1950262	C1	C2	OK	9.30963	12.4296	0.41698	1.84054	0.0014	0.0439568	yes
FBgn0039804	FBgn0039804	CG15544	3R:30827818-30842034	C1	C2	OK	3.5944	4.93001	0.455841	1.85393	0.00155	0.0484828	yes
